#,Requirement,Details
1,STTSRS001, Blah blah blah
2,STTSRS002, adwdawdawdhawdhawdbgawidbgawdawdawdawd
3,STTSRS003, akwdkawgdkawvgdkhawvdkhawvdhkiawvdhikvawdv
4,STTSRS004, dawhdkuagwdkabgwdkgawikdgawikdawkjdgawidgabwd
5,STTSRS005, wagdiyawgdiawgdawigdawkhdvbawkdiawgdawihdv
6,STTSRS006, wakugagwdkuawgdkuawgvdkuawbdkawbdkawgdkuwag
7,STTSRS007,kwdhkwuahbdkuawkdawuhdkawgbdkuawbdkawd
8,STTSRS008,jawdgvkawgdiawkgdkjawgdkawgdkawgvdkawd
9,STTSRS009, dakwgdkawgdkawgdkawgdkyawgdkawdgawdk
10,STTSRS010, awkjgdajwygdjagwdjyawdgjzd
